,headlines
0,Founding
1,Earlier movements
2,Online campaign
3,Ferguson activism
4,Inclusivity of the movement
5,Structure and organization
6,Loose structure
7,Guiding principles
8,Broader movement
9,Policy demands
10,Strategies and tactics
11,Internet and social media
12,Direct action
13,"Media, music, and other cultural impacts"
14,Police use of excessive force
15,Reaction
16,Timeline of notable US events and demonstrations
17,2014
18,2015
19,2016
20,2017
21,2018
22,2020
23,George Floyd protests
24,BLM international movement
25,Australia
26,Canada
27,New Zealand
28,United Kingdom
29,Germany
30,Denmark
31,Japan
32,2016 U.S. presidential election
33,Primaries
34,Democrats
35,Republicans
36,General election
37,Counter-slogans and movements
38,"""All Lives Matter"""
39,"""Blue Lives Matter"""
40,"""White Student Union"" Facebook groups"
41,"""White Lives Matter"""
42,"Criticism of ""Black Lives Matter"""
43,Tactics
44,Views on law enforcement
45,Ferguson effect
46,Lack of focus on intraracial violence
47,Criticism by Rudy Giuliani
48,Insufficient focus on women
49,Lack of financial transparency
50,Polls
51,2020
52,See also
53,Notes
54,References
55,Further reading
56,External links
